"Region","2015Q1 Index","2015Q1 Quarterly change, %","2015Q1 Annual change, %","2015Q1 Real price index","2015Q1 Quarterly change, % (real price index)","2015Q1 Annual change, % (real price index)","2015Q1 Price per square meter (EUR/m2)","2015Q1 Lower quartile","2015Q1 Medianprice","2015Q1 Upper quartile","2015Q1 Average area m2","2015Q1 Number","2015Q2 Index","2015Q2 Quarterly change, %","2015Q2 Annual change, %","2015Q2 Real price index","2015Q2 Quarterly change, % (real price index)","2015Q2 Annual change, % (real price index)","2015Q2 Price per square meter (EUR/m2)","2015Q2 Lower quartile","2015Q2 Medianprice","2015Q2 Upper quartile","2015Q2 Average area m2","2015Q2 Number","2015Q3 Index","2015Q3 Quarterly change, %","2015Q3 Annual change, %","2015Q3 Real price index","2015Q3 Quarterly change, % (real price index)","2015Q3 Annual change, % (real price index)","2015Q3 Price per square meter (EUR/m2)","2015Q3 Lower quartile","2015Q3 Medianprice","2015Q3 Upper quartile","2015Q3 Average area m2","2015Q3 Number","2015Q4 Index","2015Q4 Quarterly change, %","2015Q4 Annual change, %","2015Q4 Real price index","2015Q4 Quarterly change, % (real price index)","2015Q4 Annual change, % (real price index)","2015Q4 Price per square meter (EUR/m2)","2015Q4 Lower quartile","2015Q4 Medianprice","2015Q4 Upper quartile","2015Q4 Average area m2","2015Q4 Number","2016Q1 Index","2016Q1 Quarterly change, %","2016Q1 Annual change, %","2016Q1 Real price index","2016Q1 Quarterly change, % (real price index)","2016Q1 Annual change, % (real price index)","2016Q1 Price per square meter (EUR/m2)","2016Q1 Lower quartile","2016Q1 Medianprice","2016Q1 Upper quartile","2016Q1 Average area m2","2016Q1 Number","2016Q2 Index","2016Q2 Quarterly change, %","2016Q2 Annual change, %","2016Q2 Real price index","2016Q2 Quarterly change, % (real price index)","2016Q2 Annual change, % (real price index)","2016Q2 Price per square meter (EUR/m2)","2016Q2 Lower quartile","2016Q2 Medianprice","2016Q2 Upper quartile","2016Q2 Average area m2","2016Q2 Number","2016Q3 Index","2016Q3 Quarterly change, %","2016Q3 Annual change, %","2016Q3 Real price index","2016Q3 Quarterly change, % (real price index)","2016Q3 Annual change, % (real price index)","2016Q3 Price per square meter (EUR/m2)","2016Q3 Lower quartile","2016Q3 Medianprice","2016Q3 Upper quartile","2016Q3 Average area m2","2016Q3 Number","2016Q4 Index","2016Q4 Quarterly change, %","2016Q4 Annual change, %","2016Q4 Real price index","2016Q4 Quarterly change, % (real price index)","2016Q4 Annual change, % (real price index)","2016Q4 Price per square meter (EUR/m2)","2016Q4 Lower quartile","2016Q4 Medianprice","2016Q4 Upper quartile","2016Q4 Average area m2","2016Q4 Number","2017Q1 Index","2017Q1 Quarterly change, %","2017Q1 Annual change, %","2017Q1 Real price index","2017Q1 Quarterly change, % (real price index)","2017Q1 Annual change, % (real price index)","2017Q1 Price per square meter (EUR/m2)","2017Q1 Lower quartile","2017Q1 Medianprice","2017Q1 Upper quartile","2017Q1 Average area m2","2017Q1 Number","2017Q2 Index","2017Q2 Quarterly change, %","2017Q2 Annual change, %","2017Q2 Real price index","2017Q2 Quarterly change, % (real price index)","2017Q2 Annual change, % (real price index)","2017Q2 Price per square meter (EUR/m2)","2017Q2 Lower quartile","2017Q2 Medianprice","2017Q2 Upper quartile","2017Q2 Average area m2","2017Q2 Number","2017Q3 Index","2017Q3 Quarterly change, %","2017Q3 Annual change, %","2017Q3 Real price index","2017Q3 Quarterly change, % (real price index)","2017Q3 Annual change, % (real price index)","2017Q3 Price per square meter (EUR/m2)","2017Q3 Lower quartile","2017Q3 Medianprice","2017Q3 Upper quartile","2017Q3 Average area m2","2017Q3 Number","2017Q4 Index","2017Q4 Quarterly change, %","2017Q4 Annual change, %","2017Q4 Real price index","2017Q4 Quarterly change, % (real price index)","2017Q4 Annual change, % (real price index)","2017Q4 Price per square meter (EUR/m2)","2017Q4 Lower quartile","2017Q4 Medianprice","2017Q4 Upper quartile","2017Q4 Average area m2","2017Q4 Number","2018Q1 Index","2018Q1 Quarterly change, %","2018Q1 Annual change, %","2018Q1 Real price index","2018Q1 Quarterly change, % (real price index)","2018Q1 Annual change, % (real price index)","2018Q1 Price per square meter (EUR/m2)","2018Q1 Lower quartile","2018Q1 Medianprice","2018Q1 Upper quartile","2018Q1 Average area m2","2018Q1 Number","2018Q2 Index","2018Q2 Quarterly change, %","2018Q2 Annual change, %","2018Q2 Real price index","2018Q2 Quarterly change, % (real price index)","2018Q2 Annual change, % (real price index)","2018Q2 Price per square meter (EUR/m2)","2018Q2 Lower quartile","2018Q2 Medianprice","2018Q2 Upper quartile","2018Q2 Average area m2","2018Q2 Number","2018Q3 Index","2018Q3 Quarterly change, %","2018Q3 Annual change, %","2018Q3 Real price index","2018Q3 Quarterly change, % (real price index)","2018Q3 Annual change, % (real price index)","2018Q3 Price per square meter (EUR/m2)","2018Q3 Lower quartile","2018Q3 Medianprice","2018Q3 Upper quartile","2018Q3 Average area m2","2018Q3 Number","2018Q4 Index","2018Q4 Quarterly change, %","2018Q4 Annual change, %","2018Q4 Real price index","2018Q4 Quarterly change, % (real price index)","2018Q4 Annual change, % (real price index)","2018Q4 Price per square meter (EUR/m2)","2018Q4 Lower quartile","2018Q4 Medianprice","2018Q4 Upper quartile","2018Q4 Average area m2","2018Q4 Number","2019Q1 Index","2019Q1 Quarterly change, %","2019Q1 Annual change, %","2019Q1 Real price index","2019Q1 Quarterly change, % (real price index)","2019Q1 Annual change, % (real price index)","2019Q1 Price per square meter (EUR/m2)","2019Q1 Lower quartile","2019Q1 Medianprice","2019Q1 Upper quartile","2019Q1 Average area m2","2019Q1 Number","2019Q2 Index","2019Q2 Quarterly change, %","2019Q2 Annual change, %","2019Q2 Real price index","2019Q2 Quarterly change, % (real price index)","2019Q2 Annual change, % (real price index)","2019Q2 Price per square meter (EUR/m2)","2019Q2 Lower quartile","2019Q2 Medianprice","2019Q2 Upper quartile","2019Q2 Average area m2","2019Q2 Number","2019Q3 Index","2019Q3 Quarterly change, %","2019Q3 Annual change, %","2019Q3 Real price index","2019Q3 Quarterly change, % (real price index)","2019Q3 Annual change, % (real price index)","2019Q3 Price per square meter (EUR/m2)","2019Q3 Lower quartile","2019Q3 Medianprice","2019Q3 Upper quartile","2019Q3 Average area m2","2019Q3 Number","2019Q4 Index","2019Q4 Quarterly change, %","2019Q4 Annual change, %","2019Q4 Real price index","2019Q4 Quarterly change, % (real price index)","2019Q4 Annual change, % (real price index)","2019Q4 Price per square meter (EUR/m2)","2019Q4 Lower quartile","2019Q4 Medianprice","2019Q4 Upper quartile","2019Q4 Average area m2","2019Q4 Number","2020Q1 Index","2020Q1 Quarterly change, %","2020Q1 Annual change, %","2020Q1 Real price index","2020Q1 Quarterly change, % (real price index)","2020Q1 Annual change, % (real price index)","2020Q1 Price per square meter (EUR/m2)","2020Q1 Lower quartile","2020Q1 Medianprice","2020Q1 Upper quartile","2020Q1 Average area m2","2020Q1 Number","2020Q2 Index","2020Q2 Quarterly change, %","2020Q2 Annual change, %","2020Q2 Real price index","2020Q2 Quarterly change, % (real price index)","2020Q2 Annual change, % (real price index)","2020Q2 Price per square meter (EUR/m2)","2020Q2 Lower quartile","2020Q2 Medianprice","2020Q2 Upper quartile","2020Q2 Average area m2","2020Q2 Number","2020Q3 Index","2020Q3 Quarterly change, %","2020Q3 Annual change, %","2020Q3 Real price index","2020Q3 Quarterly change, % (real price index)","2020Q3 Annual change, % (real price index)","2020Q3 Price per square meter (EUR/m2)","2020Q3 Lower quartile","2020Q3 Medianprice","2020Q3 Upper quartile","2020Q3 Average area m2","2020Q3 Number","2020Q4 Index","2020Q4 Quarterly change, %","2020Q4 Annual change, %","2020Q4 Real price index","2020Q4 Quarterly change, % (real price index)","2020Q4 Annual change, % (real price index)","2020Q4 Price per square meter (EUR/m2)","2020Q4 Lower quartile","2020Q4 Medianprice","2020Q4 Upper quartile","2020Q4 Average area m2","2020Q4 Number","2021Q1 Index","2021Q1 Quarterly change, %","2021Q1 Annual change, %","2021Q1 Real price index","2021Q1 Quarterly change, % (real price index)","2021Q1 Annual change, % (real price index)","2021Q1 Price per square meter (EUR/m2)","2021Q1 Lower quartile","2021Q1 Medianprice","2021Q1 Upper quartile","2021Q1 Average area m2","2021Q1 Number","2021Q2 Index","2021Q2 Quarterly change, %","2021Q2 Annual change, %","2021Q2 Real price index","2021Q2 Quarterly change, % (real price index)","2021Q2 Annual change, % (real price index)","2021Q2 Price per square meter (EUR/m2)","2021Q2 Lower quartile","2021Q2 Medianprice","2021Q2 Upper quartile","2021Q2 Average area m2","2021Q2 Number","2021Q3 Index","2021Q3 Quarterly change, %","2021Q3 Annual change, %","2021Q3 Real price index","2021Q3 Quarterly change, % (real price index)","2021Q3 Annual change, % (real price index)","2021Q3 Price per square meter (EUR/m2)","2021Q3 Lower quartile","2021Q3 Medianprice","2021Q3 Upper quartile","2021Q3 Average area m2","2021Q3 Number","2021Q4 Index","2021Q4 Quarterly change, %","2021Q4 Annual change, %","2021Q4 Real price index","2021Q4 Quarterly change, % (real price index)","2021Q4 Annual change, % (real price index)","2021Q4 Price per square meter (EUR/m2)","2021Q4 Lower quartile","2021Q4 Medianprice","2021Q4 Upper quartile","2021Q4 Average area m2","2021Q4 Number","2022Q1 Index","2022Q1 Quarterly change, %","2022Q1 Annual change, %","2022Q1 Real price index","2022Q1 Quarterly change, % (real price index)","2022Q1 Annual change, % (real price index)","2022Q1 Price per square meter (EUR/m2)","2022Q1 Lower quartile","2022Q1 Medianprice","2022Q1 Upper quartile","2022Q1 Average area m2","2022Q1 Number","2022Q2 Index","2022Q2 Quarterly change, %","2022Q2 Annual change, %","2022Q2 Real price index","2022Q2 Quarterly change, % (real price index)","2022Q2 Annual change, % (real price index)","2022Q2 Price per square meter (EUR/m2)","2022Q2 Lower quartile","2022Q2 Medianprice","2022Q2 Upper quartile","2022Q2 Average area m2","2022Q2 Number","2022Q3 Index","2022Q3 Quarterly change, %","2022Q3 Annual change, %","2022Q3 Real price index","2022Q3 Quarterly change, % (real price index)","2022Q3 Annual change, % (real price index)","2022Q3 Price per square meter (EUR/m2)","2022Q3 Lower quartile","2022Q3 Medianprice","2022Q3 Upper quartile","2022Q3 Average area m2","2022Q3 Number","2022Q4 Index","2022Q4 Quarterly change, %","2022Q4 Annual change, %","2022Q4 Real price index","2022Q4 Quarterly change, % (real price index)","2022Q4 Annual change, % (real price index)","2022Q4 Price per square meter (EUR/m2)","2022Q4 Lower quartile","2022Q4 Medianprice","2022Q4 Upper quartile","2022Q4 Average area m2","2022Q4 Number","2023Q1 Index","2023Q1 Quarterly change, %","2023Q1 Annual change, %","2023Q1 Real price index","2023Q1 Quarterly change, % (real price index)","2023Q1 Annual change, % (real price index)","2023Q1 Price per square meter (EUR/m2)","2023Q1 Lower quartile","2023Q1 Medianprice","2023Q1 Upper quartile","2023Q1 Average area m2","2023Q1 Number","2023Q2 Index","2023Q2 Quarterly change, %","2023Q2 Annual change, %","2023Q2 Real price index","2023Q2 Quarterly change, % (real price index)","2023Q2 Annual change, % (real price index)","2023Q2 Price per square meter (EUR/m2)","2023Q2 Lower quartile","2023Q2 Medianprice","2023Q2 Upper quartile","2023Q2 Average area m2","2023Q2 Number","2023Q3 Index","2023Q3 Quarterly change, %","2023Q3 Annual change, %","2023Q3 Real price index","2023Q3 Quarterly change, % (real price index)","2023Q3 Annual change, % (real price index)","2023Q3 Price per square meter (EUR/m2)","2023Q3 Lower quartile","2023Q3 Medianprice","2023Q3 Upper quartile","2023Q3 Average area m2","2023Q3 Number","2023Q4 Index","2023Q4 Quarterly change, %","2023Q4 Annual change, %","2023Q4 Real price index","2023Q4 Quarterly change, % (real price index)","2023Q4 Annual change, % (real price index)","2023Q4 Price per square meter (EUR/m2)","2023Q4 Lower quartile","2023Q4 Medianprice","2023Q4 Upper quartile","2023Q4 Average area m2","2023Q4 Number","2024Q1 Index","2024Q1 Quarterly change, %","2024Q1 Annual change, %","2024Q1 Real price index","2024Q1 Quarterly change, % (real price index)","2024Q1 Annual change, % (real price index)","2024Q1 Price per square meter (EUR/m2)","2024Q1 Lower quartile","2024Q1 Medianprice","2024Q1 Upper quartile","2024Q1 Average area m2","2024Q1 Number","2024Q2 Index","2024Q2 Quarterly change, %","2024Q2 Annual change, %","2024Q2 Real price index","2024Q2 Quarterly change, % (real price index)","2024Q2 Annual change, % (real price index)","2024Q2 Price per square meter (EUR/m2)","2024Q2 Lower quartile","2024Q2 Medianprice","2024Q2 Upper quartile","2024Q2 Average area m2","2024Q2 Number","2024Q3 Index","2024Q3 Quarterly change, %","2024Q3 Annual change, %","2024Q3 Real price index","2024Q3 Quarterly change, % (real price index)","2024Q3 Annual change, % (real price index)","2024Q3 Price per square meter (EUR/m2)","2024Q3 Lower quartile","2024Q3 Medianprice","2024Q3 Upper quartile","2024Q3 Average area m2","2024Q3 Number","2024Q4 Index","2024Q4 Quarterly change, %","2024Q4 Annual change, %","2024Q4 Real price index","2024Q4 Quarterly change, % (real price index)","2024Q4 Annual change, % (real price index)","2024Q4 Price per square meter (EUR/m2)","2024Q4 Lower quartile","2024Q4 Medianprice","2024Q4 Upper quartile","2024Q4 Average area m2","2024Q4 Number","2025Q1 Index","2025Q1 Quarterly change, %","2025Q1 Annual change, %","2025Q1 Real price index","2025Q1 Quarterly change, % (real price index)","2025Q1 Annual change, % (real price index)","2025Q1 Price per square meter (EUR/m2)","2025Q1 Lower quartile","2025Q1 Medianprice","2025Q1 Upper quartile","2025Q1 Average area m2","2025Q1 Number","2025Q2 Index","2025Q2 Quarterly change, %","2025Q2 Annual change, %","2025Q2 Real price index","2025Q2 Quarterly change, % (real price index)","2025Q2 Annual change, % (real price index)","2025Q2 Price per square meter (EUR/m2)","2025Q2 Lower quartile","2025Q2 Medianprice","2025Q2 Upper quartile","2025Q2 Average area m2","2025Q2 Number"
"Whole country",100.7,.,.,100.9,.,.,19.3,5.0,18.7,50.0,2597,659,101.5,0.8,.,101.4,0.6,.,20.3,5.0,15.0,46.1,2464,981,99.2,-2.3,.,99.2,-2.2,.,15.4,3.6,12.5,40.2,2982,758,98.7,-0.5,.,98.5,-0.7,.,19.3,4.1,16.7,49.1,2985,726,101.5,2.9,0.9,101.8,3.3,0.9,25.2,6.0,25.4,61.9,2367,713,97.1,-4.4,-4.3,96.8,-4.9,-4.6,18.5,4.6,16.9,45.2,2615,1054,97.0,-0.1,-2.2,96.6,-0.1,-2.6,19.0,5.0,18.4,50.0,2867,783,96.8,-0.2,-1.9,96.0,-0.6,-2.6,23.9,4.6,17.5,65.0,2691,749,102.4,5.7,0.8,101.6,5.8,-0.1,24.4,5.1,25.0,56.2,2749,874,96.6,-5.7,-0.5,95.5,-6.0,-1.3,22.4,5.0,19.3,45.4,2713,1073,96.1,-0.5,-1.0,95.0,-0.5,-1.6,20.0,4.9,19.4,50.9,2665,808,96.8,0.7,-0.1,95.4,0.3,-0.7,23.7,4.0,19.8,52.2,2658,799,104.4,7.9,1.9,102.9,7.9,1.2,23.8,6.0,25.0,54.8,2483,787,105.1,0.7,8.8,103.0,0.1,7.8,22.4,5.9,23.0,52.2,2613,1058,101.4,-3.6,5.5,99.0,-3.9,4.2,22.0,5.0,17.7,50.7,2925,759,101.8,0.4,5.2,99.6,0.6,4.4,26.1,4.7,20.9,64.1,2784,835,101.6,-0.2,-2.7,98.9,-0.7,-3.8,23.4,7.4,30.0,57.5,2610,706,98.9,-2.7,-6.0,95.6,-3.4,-7.2,19.9,4.3,19.7,42.0,2700,932,100.0,1.2,-1.3,96.7,1.2,-2.3,21.8,4.8,16.2,58.3,2601,794,99.7,-0.4,-2.1,96.2,-0.6,-3.4,25.4,5.4,23.4,60.4,2774,791,106.4,6.8,4.7,102.8,6.9,3.9,24.6,7.1,27.8,57.4,2511,784,104.4,-1.8,5.7,101.2,-1.6,5.9,21.2,4.8,18.5,50.9,2909,904,107.4,2.8,7.4,103.6,2.3,7.1,20.6,4.9,19.0,52.1,2991,1018,112.4,4.6,12.8,108.3,4.5,12.5,25.8,4.8,20.6,68.1,2764,1204,108.1,-3.8,1.6,103.3,-4.5,0.5,25.1,6.2,25.4,56.2,2707,1132,120.4,11.4,15.2,114.3,10.6,12.9,26.5,6.0,23.8,55.3,2713,1594,120.8,0.4,12.5,114.0,-0.3,10.1,24.3,4.8,20.9,49.0,2703,1074,114.9,-4.9,2.3,107.0,-6.1,-1.1,22.1,5.0,19.6,50.5,3016,1040,119.3,3.8,10.3,108.7,1.6,5.2,25.6,6.4,25.0,60.7,2755,933,120.8,1.3,0.4,107.4,-1.2,-6.0,25.3,5.0,19.5,55.7,2875,928,126.2,4.4,4.4,110.4,2.8,-3.1,27.5,4.8,17.8,65.0,2902,701,118.4,-6.2,3.0,101.3,-8.3,-5.4,25.6,3.5,16.0,62.9,2844,546,115.0,-2.9,-3.6,96.7,-4.5,-11.1,26.1,4.4,20.0,57.9,2545,445,115.0,0.0,-4.8,95.5,-1.2,-11.1,24.3,4.3,16.6,60.6,2892,610,113.3,-1.5,-10.2,93.6,-2.0,-15.2,18.0,3.8,11.9,39.4,3289,473,112.4,-0.8,-5.0,92.6,-1.1,-8.6,22.3,3.0,13.4,59.8,3087,486,121.6,8.1,5.7,99.4,7.4,2.8,22.6,4.8,23.2,64.5,2588,371,117.7,-3.2,2.3,96.2,-3.2,0.8,19.8,4.1,15.0,49.5,3029,589,116.5,-1.0,2.8,95.3,-0.9,1.8,21.9,3.5,18.4,53.1,2868,485,104.2,-10.5,-7.3,85.0,-10.8,-8.2,19.0,3.7,13.7,58.0,2959,454,108.6,4.2,-10.7,88.3,3.9,-11.2,23.8,3.3,15.4,55.5,2946,405,111.6,2.8,-5.2,90.8,2.9,-5.6,21.3,3.7,14.6,46.4,3004,573
"Greater Helsinki",101.3,.,.,101.5,.,.,150.0,134.5,169.5,205.9,960,59,100.8,-0.5,.,100.7,-0.7,.,183.2,118.4,160.3,214.3,1287,55,101.4,0.6,.,101.4,0.7,.,174.5,141.9,188.4,233.8,916,49,96.6,-4.8,.,96.4,-4.9,.,129.9,123.9,165.8,225.5,1722,59,97.8,1.2,-3.5,98.0,1.6,-3.5,178.0,127.9,139.7,233.4,1130,75,92.8,-5.1,-7.9,92.5,-5.6,-8.2,139.9,120.8,155.8,214.6,1219,59,101.2,9.1,-0.2,100.8,9.0,-0.6,167.3,126.0,187.2,239.3,1292,57,101.7,0.4,5.3,100.8,0.0,4.5,165.0,120.3,155.5,203.7,1372,70,100.0,-1.6,2.3,99.3,-1.5,1.3,158.8,118.3,171.4,225.4,1621,67,103.3,3.3,11.3,102.1,2.9,10.4,159.2,105.5,168.3,236.5,1742,86,99.1,-4.0,-2.1,98.1,-4.0,-2.7,118.7,115.6,160.1,205.3,1302,66,105.0,5.9,3.2,103.5,5.5,2.6,192.2,131.8,193.4,264.7,1672,58,103.6,-1.3,3.6,102.0,-1.4,2.8,168.1,131.1,173.4,229.4,1089,74,102.7,-0.8,-0.6,100.6,-1.4,-1.5,176.6,128.1,176.6,225.4,1242,76,101.2,-1.5,2.1,98.8,-1.8,0.8,199.1,118.4,184.1,252.1,1517,50,107.5,6.2,2.4,105.2,6.4,1.6,186.8,131.0,194.5,247.8,1380,96,94.6,-12.0,-8.7,92.1,-12.5,-9.8,150.3,107.4,195.7,262.3,1177,54,108.7,14.9,5.8,105.1,14.1,4.5,222.1,131.1,207.6,280.3,1297,47,114.1,5.0,12.8,110.3,5.0,11.7,182.3,136.8,214.0,261.0,1047,62,119.8,5.0,11.4,115.6,4.8,9.9,173.4,147.6,224.9,292.0,1525,82,109.1,-8.9,15.4,105.4,-8.8,14.5,183.2,139.7,200.0,233.2,1031,75,116.3,6.7,7.1,112.7,7.0,7.3,181.3,148.2,182.3,280.8,1278,55,121.7,4.6,6.7,117.4,4.1,6.4,170.6,131.6,178.5,259.3,1449,62,139.2,14.3,16.2,134.1,14.2,16.0,217.3,143.1,218.7,321.4,1523,103,117.9,-15.3,8.1,112.7,-16.0,6.9,212.7,140.9,220.4,312.0,1041,78,144.3,22.5,24.1,137.1,21.7,21.6,236.7,171.3,240.0,304.3,1252,115,149.7,3.7,23.0,141.2,3.0,20.3,190.4,146.9,216.5,292.7,1789,73,140.5,-6.2,0.9,130.8,-7.4,-2.4,190.3,163.6,214.3,292.2,1306,77,138.6,-1.3,17.6,126.3,-3.4,12.1,204.2,162.4,244.1,315.7,1433,56,141.8,2.3,-1.8,126.0,-0.3,-8.1,211.2,148.3,219.7,270.3,1456,74,172.1,21.4,15.0,150.6,19.5,6.6,212.3,169.6,225.6,336.1,1695,57,143.8,-16.4,2.4,123.0,-18.3,-5.9,246.6,143.4,233.7,310.8,1293,37,118.2,-17.8,-14.7,99.4,-19.2,-21.3,251.6,95.3,274.2,320.7,1850,21,157.0,32.8,10.7,130.4,31.1,3.5,231.9,182.0,280.9,351.0,1593,29,144.0,-8.3,-16.4,119.0,-8.7,-21.0,208.7,141.2,262.3,267.2,1114,24,133.8,-7.1,-7.0,110.2,-7.4,-10.5,137.7,144.1,285.8,482.2,1970,55,162.5,21.4,37.5,132.9,20.7,33.7,227.2,217.3,245.1,285.4,745,25,212.5,30.8,35.4,173.7,30.7,33.3,281.7,198.3,223.7,351.0,1451,19,159.2,-25.1,10.6,130.3,-25.0,9.5,274.7,135.0,240.9,350.9,927,27,146.4,-8.0,9.4,119.4,-8.3,8.4,221.3,158.1,282.1,296.3,1143,23,160.9,9.9,-1.0,130.9,9.6,-1.5,208.3,135.8,237.5,328.3,1417,21,161.7,0.5,-23.9,131.7,0.6,-24.2,202.0,108.8,208.0,269.1,1786,40
"Whole country - Greater Helsinki",100.5,.,.,100.6,.,.,15.0,4.4,14.1,41.9,2749,600,101.7,1.3,.,101.7,1.0,.,15.4,4.9,13.5,40.0,2534,926,98.4,-3.3,.,98.4,-3.2,.,12.2,3.0,11.5,33.3,3127,709,99.4,1.0,.,99.3,0.9,.,13.8,3.4,13.3,38.1,3097,667,102.9,3.5,2.4,103.1,3.9,2.5,17.7,5.1,20.9,50.0,2501,638,98.6,-4.1,-3.1,98.3,-4.7,-3.4,15.2,4.2,13.6,38.6,2699,995,95.6,-3.1,-2.9,95.2,-3.1,-3.3,13.8,4.6,14.6,40.4,2994,726,95.2,-0.4,-4.2,94.4,-0.8,-4.9,16.4,4.0,13.8,47.8,2836,679,103.2,8.4,0.3,102.5,8.5,-0.6,17.9,4.6,20.0,47.3,2845,807,94.4,-8.6,-4.3,93.3,-8.9,-5.0,15.0,4.4,16.2,38.2,2798,987,95.1,0.7,-0.6,94.0,0.7,-1.2,15.7,4.1,15.2,41.0,2794,742,94.1,-1.0,-1.2,92.7,-1.4,-1.8,15.6,3.6,15.7,43.7,2736,741,104.7,11.3,1.4,103.2,11.2,0.7,17.5,5.0,20.2,42.2,2630,713,106.0,1.2,12.3,103.8,0.6,11.2,16.7,5.1,20.3,43.9,2723,982,101.4,-4.3,6.7,99.1,-4.6,5.3,15.9,4.8,14.9,41.8,3022,709,99.9,-1.5,6.2,97.8,-1.3,5.4,15.9,3.9,15.5,44.6,2977,739,104.2,4.3,-0.5,101.4,3.7,-1.7,18.5,6.5,25.4,50.0,2738,652,95.7,-8.1,-9.7,92.5,-8.8,-10.8,15.0,4.0,16.3,36.4,2774,885,95.6,-0.1,-5.8,92.4,-0.1,-6.7,16.7,4.3,13.5,48.4,2729,732,93.5,-2.1,-6.4,90.3,-2.3,-7.7,17.7,4.5,18.3,48.4,2898,709,105.5,12.8,1.3,101.9,12.9,0.5,17.9,6.0,23.7,46.2,2674,709,100.6,-4.6,5.2,97.5,-4.3,5.4,16.6,4.4,15.2,42.7,3018,849,102.9,2.2,7.6,99.2,1.7,7.3,16.3,4.4,16.8,45.0,3086,956,104.4,1.5,11.6,100.6,1.4,11.4,17.3,4.4,15.9,47.4,2869,1101,104.9,0.5,-0.5,100.3,-0.3,-1.6,20.3,5.9,22.3,47.9,2822,1054,113.1,7.8,12.4,107.4,7.0,10.1,20.0,5.3,20.6,46.0,2815,1479,112.3,-0.7,9.1,105.9,-1.4,6.7,17.8,4.5,18.4,43.4,2758,1001,107.3,-4.4,2.8,99.9,-5.7,-0.7,16.9,4.5,15.6,45.0,3143,963,113.3,5.6,7.9,103.2,3.4,2.9,19.8,5.9,22.4,50.5,2840,877,114.4,1.0,1.1,101.7,-1.5,-5.3,18.2,4.6,16.0,45.0,2987,854,113.4,-0.8,1.0,99.2,-2.4,-6.3,20.3,4.2,15.0,50.0,2984,644,110.7,-2.4,3.2,94.7,-4.6,-5.2,19.4,3.3,14.4,50.3,2945,509,113.9,2.9,0.6,95.8,1.2,-7.2,19.1,4.0,17.1,52.7,2575,424,103.3,-9.3,-9.7,85.8,-10.4,-15.6,19.4,4.0,14.1,55.1,2949,581,104.3,1.0,-8.0,86.2,0.5,-13.1,15.7,3.5,10.0,35.1,3367,449,105.9,1.5,-4.4,87.2,1.1,-7.9,15.9,2.5,10.1,45.8,3188,431,110.0,3.9,-3.4,90.0,3.2,-6.1,19.0,4.3,21.1,50.0,2707,346,96.0,-12.7,-7.1,78.5,-12.7,-8.5,16.1,4.0,14.1,44.1,3076,570,104.6,9.0,0.3,85.6,9.0,-0.7,18.1,3.0,16.2,45.1,2963,458,92.7,-11.4,-12.4,75.6,-11.7,-13.2,15.5,3.5,12.0,50.7,3043,431,94.8,2.3,-13.8,77.1,2.0,-14.3,18.9,3.3,13.8,50.0,3034,384,98.2,3.5,2.2,79.9,3.6,1.8,15.5,3.5,12.8,41.2,3071,533
"Satellite municipalities",100.3,.,.,100.5,.,.,38.2,41.6,61.3,85.0,2262,49,95.6,-4.7,.,95.6,-4.9,.,41.7,39.6,75.7,100.5,2005,108,102.3,6.9,.,102.3,7.0,.,39.3,39.7,61.4,81.4,2135,65,102.0,-0.3,.,101.8,-0.4,.,42.4,43.2,60.9,88.0,1959,56,120.3,18.0,19.9,120.5,18.4,20.0,58.1,50.0,75.8,128.6,1561,62,99.5,-17.3,4.0,99.1,-17.8,3.7,41.5,37.4,64.1,87.0,2490,82,90.1,-9.5,-11.9,89.7,-9.5,-12.3,28.8,25.3,52.0,68.5,2687,78,104.5,16.0,2.5,103.6,15.5,1.8,53.6,51.8,81.0,117.2,2126,74,114.3,9.4,-5.0,113.4,9.5,-5.9,54.7,43.5,64.4,91.1,2378,55,109.3,-4.4,9.9,108.1,-4.7,9.0,38.4,33.5,70.6,92.9,2475,103,104.1,-4.8,15.6,103.0,-4.7,14.8,48.3,39.8,69.6,113.9,1903,68,99.6,-4.3,-4.7,98.2,-4.6,-5.3,38.4,42.9,71.8,95.7,2342,84,104.1,4.5,-8.9,102.6,4.5,-9.6,43.4,41.8,66.9,103.4,2165,60,101.5,-2.5,-7.2,99.4,-3.1,-8.0,41.8,27.0,61.2,112.5,2316,84,103.6,2.1,-0.5,101.1,1.8,-1.8,48.3,39.9,54.0,101.2,2029,62,111.0,7.2,11.4,108.6,7.4,10.6,54.0,45.0,91.3,118.8,1684,73,105.0,-5.3,0.9,102.3,-5.8,-0.3,31.3,17.1,52.0,110.3,2695,65,98.8,-5.9,-2.6,95.6,-6.5,-3.8,31.9,16.9,60.4,98.6,2760,68,104.2,5.4,0.6,100.7,5.4,-0.4,48.3,48.1,75.0,109.2,1962,64,90.4,-13.2,-18.5,87.3,-13.4,-19.6,40.6,40.2,50.7,95.0,2526,81,98.9,9.4,-5.8,95.6,9.6,-6.5,29.1,16.5,46.2,79.8,3013,69,99.0,0.1,0.2,96.0,0.4,0.4,31.7,20.0,60.4,103.3,2840,95,103.9,4.9,-0.3,100.2,4.4,-0.6,32.1,17.4,45.0,86.7,2701,86,111.1,6.9,22.8,107.0,6.8,22.6,41.6,40.0,85.3,121.5,2090,146,109.4,-1.5,10.5,104.6,-2.3,9.4,58.2,38.6,50.0,110.0,2467,138,116.4,6.4,17.5,110.6,5.7,15.2,51.1,37.8,60.0,111.7,2113,178,113.1,-2.8,8.9,106.7,-3.5,6.6,46.7,32.3,50.3,106.0,1871,96,121.1,7.1,9.1,112.8,5.7,5.4,49.3,40.0,50.0,109.9,2245,128,124.1,2.4,13.5,113.1,0.3,8.2,41.7,45.0,95.0,116.5,2176,108,109.7,-11.6,-5.7,97.6,-13.8,-11.8,36.0,30.0,69.0,115.0,2827,85,103.9,-5.3,-8.2,90.9,-6.8,-14.9,34.3,15.0,50.0,110.0,2346,78,103.5,-0.4,-14.6,88.5,-2.6,-21.5,46.8,48.3,79.0,110.0,1968,61,111.1,7.4,-10.5,93.4,5.6,-17.4,31.9,14.5,57.6,108.0,2933,38,134.7,21.3,22.8,111.9,19.7,14.7,56.6,55.1,105.9,114.9,2660,63,131.0,-2.7,26.1,108.3,-3.2,19.2,46.6,16.0,59.0,105.0,3144,43,115.0,-12.3,11.1,94.7,-12.6,7.0,34.9,30.7,51.0,105.0,2666,43,118.9,3.5,7.1,97.3,2.8,4.1,39.6,38.2,50.0,91.2,2102,52,109.0,-8.3,-19.1,89.2,-8.4,-20.3,37.0,48.7,80.5,104.3,2171,54,116.0,6.4,-11.5,94.9,6.4,-12.4,55.8,46.0,74.6,96.0,1787,31,115.6,-0.3,0.5,94.3,-0.7,-0.4,29.0,12.3,72.3,109.4,3578,46,110.4,-4.4,-7.2,89.8,-4.7,-7.7,46.2,31.7,66.3,116.7,3228,37,121.0,9.6,11.0,98.6,9.7,10.5,38.0,27.0,78.5,107.6,2755,39
"Over 100 000 inhabitants",101.8,.,.,102.0,.,.,61.3,41.4,92.7,169.7,1605,135,101.9,0.2,.,101.9,-0.1,.,71.7,26.0,65.3,151.5,1720,142,102.4,0.4,.,102.4,0.5,.,52.3,20.3,65.7,171.5,1850,123,94.2,-8.0,.,94.0,-8.1,.,62.3,35.4,85.7,156.0,2286,133,99.8,6.0,-1.9,100.0,6.4,-1.9,67.0,51.3,78.3,133.9,1767,190,96.9,-3.0,-5.0,96.5,-3.5,-5.3,53.4,37.5,84.8,135.4,1910,192,102.5,5.8,0.1,102.1,5.7,-0.3,61.5,39.7,95.1,162.5,2127,139,99.0,-3.4,5.1,98.2,-3.8,4.4,99.4,61.7,105.9,166.4,1470,162,95.7,-3.4,-4.2,95.0,-3.3,-5.1,87.2,44.0,65.6,129.0,1513,208,97.1,1.5,0.2,96.0,1.1,-0.6,69.7,29.6,75.4,150.6,2139,207,98.5,1.5,-3.8,97.5,1.6,-4.5,50.8,35.4,68.5,149.3,1990,166,104.8,6.3,5.8,103.3,6.0,5.2,108.7,43.0,100.4,191.0,1547,148,105.2,0.4,9.9,103.6,0.3,9.1,76.2,43.0,111.8,180.4,1590,155,103.1,-2.0,6.2,100.9,-2.6,5.2,73.9,37.6,92.6,165.1,1677,203,102.3,-0.7,3.8,99.9,-1.0,2.5,65.7,37.1,75.5,150.0,2311,164,98.4,-3.8,-6.1,96.3,-3.6,-6.7,82.5,32.8,99.8,203.4,1957,197,97.4,-1.1,-7.4,94.8,-1.6,-8.5,70.0,40.8,76.8,164.3,1539,155,106.9,9.8,3.7,103.4,9.1,2.4,75.7,28.1,82.8,176.1,1784,157,106.7,-0.2,4.3,103.2,-0.2,3.3,70.8,36.2,87.4,189.7,1682,150,108.2,1.4,9.9,104.4,1.2,8.4,74.1,29.3,98.3,205.8,2031,171,108.3,0.1,11.2,104.6,0.2,10.3,73.6,36.4,115.4,189.9,1670,160,116.2,7.3,8.7,112.6,7.7,8.9,59.5,28.9,88.1,173.4,2150,168,120.5,3.7,12.9,116.2,3.2,12.6,59.6,26.6,65.1,138.4,2073,202,133.1,10.5,23.1,128.2,10.4,22.8,82.2,30.1,100.0,203.1,2138,247,116.6,-12.4,7.7,111.5,-13.1,6.6,68.0,33.0,83.8,181.8,1776,230,138.6,18.9,19.3,131.6,18.1,16.9,84.2,32.8,92.1,221.4,2046,263,139.4,0.6,15.7,131.5,-0.1,13.2,67.7,25.0,70.7,171.0,2351,203,129.3,-7.3,-2.9,120.4,-8.5,-6.1,53.1,25.0,91.8,208.1,2657,191,129.4,0.0,10.9,117.9,-2.1,5.8,68.5,29.8,63.0,190.7,2146,182,137.1,6.0,-1.1,121.9,3.3,-7.4,79.0,37.9,116.0,216.8,2273,160,150.7,9.9,8.1,131.8,8.2,0.2,70.6,31.9,105.4,198.4,2702,147,131.2,-12.9,1.4,112.2,-14.9,-6.8,96.2,25.6,134.1,226.3,2088,88,120.1,-8.5,-7.2,101.0,-10.0,-14.4,75.8,15.0,61.3,148.1,2352,82,145.9,21.4,6.4,121.1,19.9,-0.6,77.6,42.6,85.5,155.7,2141,99,130.2,-10.7,-13.6,107.6,-11.2,-18.4,38.8,9.3,45.2,118.9,2732,76,126.3,-3.0,-3.7,104.0,-3.3,-7.3,56.7,31.2,144.1,217.9,2636,122,142.4,12.7,18.5,116.5,12.0,15.3,86.8,47.3,142.7,243.7,1513,60,165.3,16.2,13.4,135.2,16.1,11.6,56.6,28.1,72.9,160.6,2697,100,141.2,-14.6,8.4,115.5,-14.6,7.4,75.3,32.7,82.9,176.3,2111,81,122.8,-13.0,-2.8,100.2,-13.3,-3.7,70.7,25.0,78.3,158.1,1522,87,133.7,8.9,-6.1,108.8,8.6,-6.6,73.6,30.1,78.3,184.4,2039,53,143.0,6.9,-13.5,116.4,7.0,-13.9,100.0,39.3,75.0,183.7,1870,87
"20 000 - 100 000 inhabitants",100.0,.,.,100.1,.,.,20.4,8.0,27.1,49.0,2460,242,102.9,2.9,.,102.8,2.7,.,24.7,11.0,32.1,57.7,2221,364,94.2,-8.4,.,94.2,-8.4,.,17.0,6.7,21.7,48.9,2802,289,103.2,9.6,.,103.1,9.4,.,20.1,8.0,28.0,50.4,2698,258,104.8,1.5,4.8,105.0,1.9,4.9,24.1,8.7,30.0,59.9,2118,231,104.3,-0.4,1.4,104.0,-1.0,1.1,24.3,10.1,30.0,50.5,2190,368,91.8,-12.0,-2.5,91.4,-12.0,-2.9,17.7,7.6,26.1,50.0,2618,315,101.9,11.0,-1.3,101.1,10.5,-2.0,27.4,9.0,36.7,64.7,2232,249,108.2,6.2,3.2,107.4,6.3,2.2,23.1,8.3,27.0,57.3,2844,303,94.9,-12.3,-9.1,93.8,-12.7,-9.8,22.3,10.8,26.0,53.5,2392,366,93.4,-1.5,1.8,92.4,-1.5,1.1,23.8,10.2,30.5,55.1,2288,287,95.1,1.8,-6.7,93.7,1.4,-7.3,21.8,5.9,30.0,54.4,2498,282,105.6,11.1,-2.4,104.1,11.1,-3.1,25.5,15.2,34.0,55.0,2325,269,105.7,0.0,11.4,103.5,-0.6,10.3,24.1,14.3,32.0,53.7,2392,385,98.7,-6.6,5.6,96.3,-6.9,4.2,18.5,6.0,24.9,50.0,2842,291,107.5,9.0,13.1,105.2,9.2,12.3,23.3,10.0,34.4,64.1,2498,294,104.6,-2.7,-1.0,101.8,-3.2,-2.2,23.9,9.9,32.0,56.0,2424,239,97.5,-6.8,-7.8,94.3,-7.4,-8.9,18.9,7.1,26.8,49.2,2583,363,97.6,0.1,-1.1,94.4,0.1,-2.1,21.1,7.1,29.1,60.6,2668,299,97.0,-0.6,-9.8,93.6,-0.8,-11.0,26.7,9.6,35.2,64.3,2460,298,108.9,12.3,4.1,105.2,12.4,3.3,25.1,13.3,30.0,50.0,2291,295,96.4,-11.5,-1.1,93.4,-11.2,-1.0,23.9,8.7,28.0,57.0,2530,341,103.2,7.1,5.7,99.5,6.6,5.4,22.1,8.5,28.4,56.5,2716,379,109.0,5.6,12.4,105.0,5.5,12.1,21.8,8.7,32.3,74.9,2777,446,98.4,-9.7,-9.6,94.0,-10.4,-10.6,27.2,9.3,32.0,56.0,2675,460,115.4,17.3,19.7,109.6,16.5,17.3,30.9,12.9,36.4,66.4,2220,660,113.5,-1.7,10.0,107.0,-2.3,7.6,23.6,8.0,34.0,60.0,2517,423,107.2,-5.5,-1.6,99.8,-6.7,-4.9,25.8,9.5,37.0,57.4,2688,401,111.3,3.8,13.1,101.4,1.6,7.9,24.8,10.3,34.9,67.0,2603,366,112.6,1.2,-2.4,100.1,-1.3,-8.6,25.6,8.0,34.1,66.8,2620,364,115.7,2.8,2.0,101.2,1.1,-5.4,26.4,7.8,25.0,58.5,2624,222,108.6,-6.2,1.3,92.9,-8.3,-7.0,25.0,8.2,33.4,71.4,2815,206,114.3,5.2,2.7,96.1,3.5,-5.3,24.2,5.8,26.7,61.4,2565,148,102.7,-10.1,-8.8,85.3,-11.2,-14.8,27.0,8.0,28.3,69.0,2782,226,112.8,9.8,-2.5,93.2,9.3,-7.9,26.1,8.5,28.7,68.1,2883,168,104.2,-7.7,-4.1,85.8,-8.0,-7.7,22.1,8.8,39.5,70.8,2925,127,109.7,5.3,-4.0,89.7,4.6,-6.6,25.0,11.8,31.9,56.5,2346,129,90.1,-17.9,-12.3,73.7,-17.9,-13.7,21.2,8.4,30.0,61.1,2545,189,98.1,8.9,-13.0,80.3,9.0,-13.9,22.2,6.3,31.3,56.8,2404,148,89.3,-8.9,-14.2,72.9,-9.2,-15.0,19.8,5.8,38.3,73.8,3359,150,92.0,3.0,-16.1,74.9,2.7,-16.6,25.2,7.1,31.9,65.7,2644,145,98.1,6.6,8.9,79.9,6.7,8.4,20.9,5.8,27.8,57.7,2896,218
"Under 20 000 inhabitants",100.2,.,.,100.4,.,.,8.3,3.0,6.7,18.6,3194,282,98.7,-1.6,.,98.6,-1.8,.,8.6,2.9,7.0,15.0,2867,475,102.9,4.3,.,103.0,4.4,.,7.3,1.8,5.1,14.9,3554,346,98.2,-4.6,.,98.1,-4.7,.,7.0,2.0,6.0,18.2,3506,335,98.9,0.7,-1.3,99.1,1.0,-1.3,9.5,3.0,7.5,22.5,2958,292,86.6,-12.4,-12.2,86.3,-12.9,-12.5,7.2,2.2,5.8,13.9,3216,494,97.8,13.0,-5.0,97.5,12.9,-5.4,8.4,2.8,7.0,18.4,3434,329,86.2,-11.9,-12.2,85.5,-12.3,-12.9,7.6,2.3,6.0,14.7,3629,338,103.5,20.1,4.7,102.8,20.2,3.7,8.9,2.8,7.7,22.0,3390,363,98.8,-4.6,14.1,97.7,-4.9,13.2,9.2,3.0,8.2,20.0,3195,500,96.9,-1.9,-1.0,95.8,-1.9,-1.7,8.5,2.1,5.9,15.8,3327,355,88.5,-8.7,2.6,87.2,-9.0,2.0,8.3,2.1,6.2,20.0,3236,369,101.3,14.5,-2.2,99.8,14.5,-2.9,10.7,3.0,9.0,24.0,2993,363,107.4,6.0,8.7,105.2,5.4,7.7,9.3,2.5,7.8,21.0,3218,470,104.5,-2.7,7.9,102.1,-3.0,6.5,8.4,3.4,7.2,16.2,3348,304,97.9,-6.4,10.7,95.8,-6.2,9.8,9.5,1.9,6.9,17.4,3515,344,103.3,5.6,2.0,100.6,5.1,0.8,10.9,3.2,11.8,36.0,3372,312,90.0,-12.9,-16.2,87.1,-13.5,-17.2,8.5,2.5,7.0,20.0,3166,412,94.6,5.0,-9.5,91.4,5.0,-10.4,10.1,2.4,7.0,17.6,2940,345,92.2,-2.5,-5.8,89.0,-2.7,-7.1,9.1,2.4,7.5,19.9,3486,322,99.9,8.3,-3.3,96.5,8.4,-4.1,11.2,2.8,10.2,29.0,3135,329,101.7,1.8,12.9,98.5,2.1,13.1,9.8,2.5,7.5,18.2,3564,395,96.7,-4.9,2.3,93.3,-5.3,2.0,9.1,2.0,7.0,21.1,3672,437,91.9,-5.0,-0.4,88.5,-5.1,-0.6,10.0,2.4,6.6,18.6,3060,511,112.7,22.7,12.9,107.8,21.7,11.7,11.7,3.4,10.0,25.4,3195,442,104.6,-7.2,2.9,99.3,-7.8,0.8,11.2,2.6,8.5,23.0,3446,671,108.3,3.6,12.0,102.2,2.9,9.6,11.8,2.2,8.0,21.0,3012,448,108.1,-0.2,17.7,100.7,-1.5,13.7,10.5,3.0,8.0,20.9,3445,447,118.4,9.5,5.0,107.9,7.2,0.2,13.5,3.5,13.0,28.8,3160,385,112.4,-5.1,7.4,99.9,-7.4,0.6,11.3,3.0,8.5,20.0,3342,404,111.8,-0.5,3.2,97.8,-2.1,-4.3,14.6,2.8,8.1,24.3,3159,332,117.1,4.7,8.3,100.2,2.4,-0.5,12.3,1.9,6.5,24.8,3086,252,108.9,-7.0,-8.0,91.6,-8.6,-15.1,14.9,3.0,13.5,40.0,2585,215,97.1,-10.8,-13.6,80.6,-11.9,-19.3,10.2,2.2,6.3,21.6,3246,285,92.8,-4.5,-17.0,76.7,-4.9,-21.6,8.6,2.0,5.5,14.4,3769,229,107.1,15.5,-8.5,88.2,15.0,-11.9,11.5,1.5,5.5,16.1,3357,237,113.7,6.2,4.4,93.0,5.5,1.6,12.9,2.5,9.0,40.0,3039,182,110.0,-3.3,13.3,89.9,-3.3,11.5,10.8,2.3,7.9,20.6,3417,300,116.0,5.5,25.1,94.9,5.6,23.8,11.4,2.2,8.0,26.6,3395,256,105.2,-9.4,-1.8,85.8,-9.7,-2.8,9.7,1.8,5.9,16.8,3200,217,104.4,-0.7,-8.2,85.0,-1.0,-8.7,15.4,1.7,6.0,24.3,3382,207,95.2,-8.8,-13.4,77.6,-8.7,-13.8,9.5,2.4,7.0,16.5,3408,268
"Southern Finland",101.9,.,.,102.1,.,.,35.1,10.0,44.9,88.3,2098,248,99.8,-2.1,.,99.7,-2.3,.,32.7,7.5,32.3,88.4,2297,414,99.3,-0.5,.,99.3,-0.4,.,27.2,9.9,33.2,75.0,2631,292,99.1,-0.2,.,99.0,-0.4,.,32.3,8.6,35.0,75.8,2669,318,102.0,3.0,0.2,102.3,3.3,0.2,49.7,15.2,51.0,128.1,1830,293,96.5,-5.5,-3.3,96.1,-6.0,-3.6,30.1,7.0,32.0,77.4,2416,389,95.6,-0.9,-3.7,95.2,-0.9,-4.1,31.7,9.5,35.5,69.4,2479,329,100.6,5.2,1.5,99.7,4.7,0.8,47.0,14.2,51.5,115.7,2146,313,104.1,3.5,2.0,103.3,3.6,1.1,40.8,12.3,40.5,88.7,2374,359,99.3,-4.6,3.0,98.2,-5.0,2.2,37.5,11.0,35.0,85.0,2483,466,98.6,-0.8,3.1,97.5,-0.7,2.4,35.8,13.0,43.9,88.4,2084,355,99.3,0.7,-1.3,97.8,0.3,-1.9,38.7,7.9,35.5,89.8,2444,368,104.5,5.3,0.4,103.0,5.2,-0.4,41.0,18.0,40.0,102.4,2027,333,101.7,-2.7,2.4,99.6,-3.2,1.4,39.8,12.4,40.0,103.1,2169,427,100.3,-1.4,1.7,97.9,-1.7,0.4,39.0,10.2,37.7,76.9,2485,301,105.6,5.3,6.4,103.3,5.5,5.6,47.7,13.9,45.0,118.8,2273,387,97.0,-8.2,-7.2,94.4,-8.6,-8.3,38.5,16.0,50.0,107.3,2141,290,97.8,0.8,-3.9,94.6,0.2,-5.1,32.3,9.5,30.3,61.9,2500,380,100.8,3.1,0.5,97.5,3.1,-0.4,37.4,9.5,45.0,95.1,2130,360,103.9,3.1,-1.6,100.3,2.9,-2.9,43.5,13.4,46.2,96.8,2294,388,104.3,0.4,7.5,100.8,0.5,6.7,39.5,15.0,43.8,120.0,2278,331,102.8,-1.4,5.1,99.6,-1.1,5.3,34.7,10.6,34.0,98.9,2551,379,110.3,7.3,9.4,106.4,6.8,9.1,34.7,10.1,36.9,76.5,2612,433,114.9,4.1,10.6,110.7,4.0,10.3,42.1,9.5,44.9,108.3,2468,576,109.3,-4.8,4.8,104.5,-5.5,3.7,43.7,14.1,45.0,98.6,2319,513,123.6,13.1,20.2,117.4,12.3,17.8,47.8,16.4,42.7,104.8,2170,731,122.3,-1.0,10.9,115.4,-1.7,8.5,38.5,10.7,36.7,81.5,2399,479,121.6,-0.6,5.9,113.2,-1.9,2.3,39.3,12.6,40.1,87.1,2358,499,123.9,1.9,13.4,113.0,-0.2,8.1,38.6,13.3,44.8,108.4,2514,429,123.8,-0.1,0.1,110.0,-2.6,-6.3,44.8,12.0,39.8,109.9,2385,399,128.4,3.7,4.9,112.3,2.1,-2.7,44.5,10.0,32.6,92.5,2360,339,123.0,-4.1,1.2,105.2,-6.3,-7.0,45.8,12.5,53.4,105.0,2418,243,114.0,-7.4,-8.1,95.8,-8.9,-15.2,44.5,10.1,42.9,75.0,2329,182,127.8,12.1,3.2,106.1,10.7,-3.6,39.1,6.8,39.6,106.1,2773,257,124.1,-2.9,-3.3,102.5,-3.4,-8.7,29.2,6.5,28.0,63.2,3136,186,109.5,-11.8,-11.0,90.1,-12.1,-14.4,38.0,4.1,31.0,103.4,2659,212,124.8,14.0,9.5,102.1,13.3,6.5,34.7,10.5,44.4,90.3,2135,169,135.7,8.7,6.2,111.0,8.7,4.6,30.6,6.2,28.9,72.0,2701,244,123.0,-9.3,-0.8,100.7,-9.3,-1.8,38.7,8.4,36.4,74.6,2149,200,116.8,-5.1,6.7,95.3,-5.4,5.7,29.6,7.5,39.6,93.0,2750,178,124.8,6.8,0.0,101.5,6.6,-0.6,36.4,6.1,31.9,86.0,2822,192,123.6,-1.0,-8.9,100.6,-0.9,-9.3,39.9,9.4,32.0,78.0,2591,225
"Western Finland",97.8,.,.,97.9,.,.,13.9,3.6,13.6,38.0,2738,220,102.2,4.6,.,102.2,4.3,.,13.9,4.1,12.8,38.0,2605,314,98.8,-3.3,.,98.8,-3.2,.,10.6,3.3,10.0,25.0,2999,248,101.3,2.5,.,101.2,2.3,.,13.7,4.3,13.6,33.6,2565,206,98.0,-3.2,0.3,98.2,-2.9,0.3,15.2,5.0,19.6,45.7,2635,240,95.6,-2.4,-6.4,95.3,-3.0,-6.7,14.8,4.1,13.0,36.3,2503,391,100.4,5.0,1.6,100.0,5.0,1.2,14.4,5.0,14.4,38.7,2685,236,88.9,-11.5,-12.3,88.1,-11.9,-12.9,16.2,3.6,13.0,43.6,2591,247,105.2,18.4,7.3,104.4,18.5,6.3,22.3,5.0,22.1,50.3,2507,291,94.8,-9.8,-0.8,93.8,-10.2,-1.6,14.5,4.0,14.3,32.5,2685,346,93.4,-1.5,-7.0,92.4,-1.5,-7.6,15.3,4.3,12.8,36.8,2819,242,97.0,3.8,9.2,95.6,3.5,8.5,18.2,4.5,15.1,40.4,2293,249,96.6,-0.4,-8.1,95.2,-0.4,-8.8,17.5,3.6,13.9,42.1,2617,258,110.1,13.9,16.1,107.8,13.2,15.0,17.2,5.0,19.9,43.6,2532,365,95.5,-13.2,2.2,93.3,-13.5,0.9,13.3,4.4,12.5,33.3,2735,242,97.9,2.5,0.9,95.8,2.7,0.2,15.5,2.6,12.3,32.3,2785,250,109.1,11.5,12.9,106.2,10.9,11.6,17.8,5.0,20.2,37.0,2834,228,97.8,-10.4,-11.2,94.6,-11.0,-12.3,15.6,4.1,16.6,32.0,2415,273,95.7,-2.1,0.2,92.5,-2.1,-0.8,14.7,4.1,9.9,32.3,2879,230,89.7,-6.3,-8.4,86.6,-6.5,-9.6,16.7,4.0,13.8,35.0,3029,241,105.7,17.9,-3.1,102.1,18.0,-3.9,18.8,6.8,27.3,46.6,2372,270,101.7,-3.8,4.0,98.6,-3.5,4.2,17.5,4.0,18.2,42.5,2825,297,97.9,-3.7,2.3,94.4,-4.2,2.0,14.8,4.0,15.2,39.1,3074,329,101.9,4.1,13.6,98.2,4.0,13.4,14.3,3.8,10.9,29.1,2799,355,99.1,-2.8,-6.3,94.7,-3.5,-7.3,16.1,5.0,15.8,34.4,2613,346,115.6,16.7,13.6,109.8,15.9,11.4,18.2,5.0,17.4,37.3,2645,486,112.7,-2.5,15.1,106.3,-3.2,12.6,19.0,3.5,16.8,36.0,2316,327,100.9,-10.5,-1.0,93.9,-11.6,-4.3,15.3,4.0,12.0,33.3,3095,315,118.0,17.0,19.1,107.6,14.6,13.6,19.5,5.0,16.7,33.6,2798,275,123.6,4.8,7.0,109.9,2.2,0.1,19.7,4.0,15.0,37.5,2786,298,127.1,2.8,12.8,111.2,1.2,4.6,18.0,3.0,9.8,41.2,3157,198,114.0,-10.3,13.1,97.6,-12.3,3.9,17.1,2.0,10.0,32.3,2839,167,124.2,8.9,5.2,104.5,7.1,-2.9,19.5,3.0,12.9,47.6,2375,121,97.5,-21.5,-21.1,81.0,-22.4,-26.3,19.6,3.9,11.9,42.5,2641,166,100.7,3.3,-20.8,83.2,2.8,-25.2,13.0,2.8,7.7,23.6,2946,160,134.1,33.2,17.6,110.4,32.7,13.2,16.8,3.1,9.8,35.0,3074,142,125.3,-6.6,0.9,102.5,-7.2,-1.9,16.4,2.1,11.4,38.0,2941,101,93.3,-25.5,-4.3,76.3,-25.6,-5.8,13.7,2.7,9.5,30.0,3639,162,113.3,21.4,12.5,92.7,21.5,11.4,20.6,2.6,13.6,38.2,2657,150,88.0,-22.3,-34.4,71.8,-22.6,-35.0,14.3,3.5,11.0,34.0,2843,153,87.1,-1.0,-30.5,70.8,-1.3,-30.9,17.1,2.3,7.6,31.7,3127,108,98.9,13.6,6.0,80.5,13.7,5.6,15.6,3.0,13.3,32.1,2990,183
"Eastern Finland",108.4,.,.,108.6,.,.,11.9,3.6,9.9,24.6,3537,80,95.6,-11.9,.,95.5,-12.1,.,9.2,2.6,8.1,20.0,2991,99,101.0,5.7,.,101.0,5.7,.,8.3,1.9,6.0,17.0,3806,75,95.6,-5.3,.,95.5,-5.5,.,10.0,1.5,4.7,13.7,4189,74,116.1,21.4,7.1,116.3,21.8,7.1,13.7,3.0,12.9,37.3,3271,67,93.7,-19.2,-1.9,93.4,-19.7,-2.2,8.5,2.6,5.5,14.5,3638,93,89.5,-4.6,-11.4,89.1,-4.6,-11.8,9.1,2.1,5.0,20.4,4907,75,78.9,-11.8,-17.4,78.3,-12.2,-18.0,7.0,1.9,5.0,15.0,3927,74,75.1,-4.9,-35.3,74.5,-4.8,-35.9,8.0,2.0,5.5,23.0,4349,64,71.7,-4.6,-23.6,70.8,-4.9,-24.1,8.8,2.4,10.6,19.6,3435,73,80.2,11.9,-10.4,79.3,12.0,-11.0,7.4,2.0,4.8,15.8,3321,87,78.9,-1.6,0.0,77.8,-1.9,-0.6,6.7,1.7,3.6,20.0,3601,64,127.8,61.9,70.2,125.9,61.9,69.0,14.5,3.6,18.0,38.5,2697,48,97.8,-23.5,36.5,95.8,-23.9,35.3,7.4,1.7,7.0,23.0,4389,76,119.1,21.8,48.6,116.4,21.4,46.7,11.3,2.8,7.4,17.4,4685,72,95.0,-20.2,20.4,93.0,-20.1,19.5,5.4,2.2,5.9,15.8,4685,72,110.7,16.5,-13.4,107.8,15.9,-14.4,7.5,2.1,5.2,19.5,3949,40,98.1,-11.3,0.3,94.9,-11.9,-0.9,7.1,2.0,5.4,21.5,4075,87,99.2,1.1,-16.7,95.9,1.1,-17.5,6.1,2.0,5.0,13.1,3395,62,89.4,-9.8,-5.9,86.3,-10.0,-7.1,4.0,1.9,4.5,12.1,4586,57,112.0,25.2,1.2,108.2,25.4,0.4,9.5,2.3,5.9,18.1,3790,46,107.8,-3.8,9.8,104.4,-3.5,10.0,9.0,1.9,9.7,23.0,4345,70,97.4,-9.6,-1.8,94.0,-10.0,-2.1,7.5,2.4,7.8,18.5,3593,89,105.0,7.8,17.4,101.2,7.7,17.2,6.9,2.3,6.0,23.0,4195,105,102.0,-2.9,-8.9,97.5,-3.6,-9.9,7.2,2.0,6.2,22.4,4460,89,102.0,0.0,-5.3,96.9,-0.6,-7.2,6.6,2.0,7.2,17.0,3811,141,108.2,6.1,11.1,102.1,5.4,8.6,9.2,2.5,6.0,16.3,4226,82,79.8,-26.3,-24.0,74.3,-27.3,-26.6,6.6,2.3,4.8,12.9,5064,81,87.7,9.9,-14.1,79.9,7.6,-18.1,7.8,2.7,6.1,23.0,3893,59,84.6,-3.4,-17.1,75.2,-5.8,-22.4,9.6,1.7,6.1,16.0,3744,97,100.7,18.9,-7.0,88.1,17.1,-13.7,5.5,2.0,5.4,13.6,3541,68,103.5,2.8,29.8,88.6,0.5,19.2,9.8,1.5,5.4,16.8,3724,50,79.4,-23.3,-9.4,66.8,-24.6,-16.4,6.8,1.1,3.5,13.3,2989,43,68.6,-13.6,-19.0,56.9,-14.7,-24.3,7.4,1.9,7.3,22.5,3827,58,64.7,-5.6,-35.7,53.5,-6.1,-39.3,8.0,3.1,7.3,22.5,3573,40,48.6,-24.9,-53.0,40.0,-25.1,-54.8,4.9,1.0,4.0,10.0,4512,37,66.0,35.8,-16.8,54.0,34.9,-19.1,8.7,3.1,7.6,21.1,3931,33,59.5,-9.9,-13.2,48.7,-9.9,-14.5,8.7,2.0,5.2,17.0,3831,54,65.5,10.1,1.3,53.6,10.2,0.3,8.2,2.3,5.2,23.5,4575,48,62.6,-4.5,28.8,51.1,-4.8,27.6,6.9,1.2,5.1,25.0,4276,44,59.4,-5.1,-10.0,48.3,-5.3,-10.5,4.3,1.8,2.6,5.0,3782,22,60.7,2.2,2.0,49.4,2.3,1.6,5.4,1.0,3.3,9.0,4939,54
"Northern Finland",94.3,.,.,94.5,.,.,9.8,2.8,9.1,24.0,2763,111,119.9,27.1,.,119.8,26.8,.,11.1,4.2,10.5,22.0,2293,154,97.9,-18.3,.,97.9,-18.3,.,7.4,1.0,5.1,16.6,3288,143,90.4,-7.7,.,90.3,-7.8,.,7.7,1.7,7.4,22.5,3766,128,97.9,8.3,3.8,98.1,8.7,3.9,11.1,2.9,11.5,35.5,2670,113,110.4,12.8,-7.9,110.0,12.2,-8.1,10.7,3.5,10.5,29.6,2768,181,104.9,-5.0,7.2,104.5,-5.0,6.7,9.4,2.6,8.7,25.0,3018,143,108.1,3.1,19.6,107.2,2.6,18.8,9.5,3.7,7.4,19.0,3608,115,105.3,-2.6,7.6,104.5,-2.6,6.5,9.2,2.3,13.1,37.0,3427,160,102.7,-2.5,-7.0,101.5,-2.8,-7.7,10.2,4.0,11.0,25.5,3061,188,97.7,-4.8,-6.9,96.7,-4.8,-7.5,9.2,2.1,7.5,25.5,3561,124,91.5,-6.4,-15.4,90.2,-6.8,-15.9,7.8,1.2,4.5,27.3,3597,118,111.4,21.8,5.8,109.8,21.8,5.1,11.0,3.1,13.2,38.0,3210,148,126.7,13.7,23.4,124.1,13.0,22.2,11.1,3.2,13.6,28.5,3084,190,116.6,-8.0,19.3,113.8,-8.3,17.7,14.4,3.6,11.8,37.8,3335,144,89.9,-22.8,-1.7,88.0,-22.7,-2.4,11.8,1.9,7.9,36.1,3517,126,112.3,24.8,0.8,109.3,24.2,-0.4,14.5,4.7,33.0,43.2,2871,148,112.3,0.0,-11.4,108.6,-0.6,-12.5,11.3,2.5,9.4,26.9,2870,192,107.7,-4.1,-7.6,104.2,-4.1,-8.5,12.0,3.2,9.6,28.0,3017,142,106.0,-1.6,17.9,102.3,-1.8,16.3,11.1,3.3,10.6,29.3,3070,105,122.7,15.7,9.3,118.5,15.8,8.4,12.1,4.1,17.4,39.0,2945,137,125.5,2.3,11.7,121.6,2.6,12.0,8.8,2.1,6.9,19.0,3324,158,123.2,-1.8,14.4,118.8,-2.3,14.1,11.0,3.2,9.1,38.5,3472,167,132.9,7.9,25.4,128.1,7.8,25.2,17.8,2.4,12.5,48.2,2874,168,134.0,0.8,9.2,128.1,0.0,8.1,12.8,5.8,14.0,40.0,3129,184,124.6,-7.0,-0.7,118.3,-7.6,-2.7,12.5,2.6,8.6,27.1,3934,236,147.3,18.2,19.5,138.9,17.4,16.9,13.7,2.8,11.7,32.6,3550,186,143.3,-2.7,7.8,133.4,-4.0,4.2,8.7,3.0,6.9,20.9,4100,144,114.7,-19.9,-14.4,104.6,-21.6,-18.4,14.6,4.8,15.3,40.0,2909,170,122.5,6.8,-1.7,108.9,4.1,-8.0,8.2,2.0,8.0,23.0,3941,134,128.5,4.9,-12.7,112.5,3.3,-19.1,19.6,2.9,13.2,59.9,3921,96,107.6,-16.3,-24.9,92.0,-18.2,-31.0,10.3,3.2,6.5,18.8,3583,86,131.3,22.0,14.4,110.4,20.0,5.6,15.9,6.2,21.2,40.0,2930,99,119.9,-8.6,-2.1,99.6,-9.8,-8.5,13.4,3.5,10.9,54.1,3022,129,119.1,-0.7,-7.3,98.5,-1.1,-12.4,10.2,2.5,7.2,21.9,4011,87,158.7,33.2,47.5,130.7,32.7,42.0,13.4,3.1,12.8,58.6,3427,95,144.4,-9.0,10.0,118.1,-9.6,7.0,17.4,5.8,17.0,41.4,2611,68,126.6,-12.3,5.5,103.5,-12.4,3.9,16.4,6.7,14.4,43.0,2519,129,127.6,0.8,7.1,104.4,0.9,6.0,13.0,2.6,11.6,43.0,3737,87,102.2,-19.9,-35.6,83.3,-20.2,-36.2,14.6,1.8,6.8,57.9,2962,79,108.6,6.3,-24.8,88.4,6.0,-25.2,13.4,2.9,12.8,42.5,2770,83,112.0,3.2,-11.5,91.2,3.3,-11.8,13.3,3.0,9.8,42.0,2857,111
